VEHICLE_REGISTRATION;5000000000;veh_0;[eclipse.mosaic.apps.OnVehicleUpdatedApp];Car
VEHICLE_REGISTRATION;5000000000;veh_1;[eclipse.mosaic.apps.OnVehicleUpdatedApp];Car
VEHICLE_REGISTRATION;5000000000;veh_2;[eclipse.mosaic.apps.OnVehicleUpdatedApp];Car
VEHICLE_REGISTRATION;5000000000;veh_3;[eclipse.mosaic.apps.OnVehicleUpdatedApp];Car
VEHICLE_REGISTRATION;5000000000;veh_4;[eclipse.mosaic.apps.OnVehicleUpdatedApp];Car
VEHICLE_REGISTRATION;5000000000;veh_5;[eclipse.mosaic.apps.OnVehicleUpdatedApp];Car
VEHICLE_UPDATES;7000000000;veh_0;41.55410854297786;-8.431944288509413;11.51322516560452;90.0
VEHICLE_UPDATES;7000000000;veh_1;41.55333276134904;-8.430870835711177;12.861350503323042;0.0
VEHICLE_UPDATES;7000000000;veh_3;41.55488566073472;-8.430895586061965;14.747999201671414;180.0
VEHICLE_UPDATES;7000000000;veh_5;41.554127017219336;-8.429853223918217;14.118567188670383;270.0
VEHICLE_UPDATES;8000000000;veh_0;41.55410783346572;-8.43180068478988;11.976172588732;90.0
VEHICLE_UPDATES;8000000000;veh_1;41.55344636633455;-8.430869839186359;12.613071033350565;0.0
VEHICLE_UPDATES;8000000000;veh_2;41.55330224206802;-8.430871103420465;9.472926547013596;0.0
VEHICLE_UPDATES;8000000000;veh_3;41.55476119226464;-8.430896677885276;13.819200215631357;180.0
VEHICLE_UPDATES;8000000000;veh_4;41.55490707388573;-8.430895398227538;12.370588885220958;180.0
VEHICLE_UPDATES;8000000000;veh_5;41.55412785583799;-8.43002238241721;14.107374553223595;270.0
VEHICLE_UPDATES;9000000000;veh_0;41.55410715724201;-8.43166385235062;11.411466019054782;90.0
VEHICLE_UPDATES;9000000000;veh_1;41.55356002041205;-8.430868842225172;12.618521756624245;0.0
VEHICLE_UPDATES;9000000000;veh_2;41.553406303348666;-8.430870190613138;11.553474616207556;0.0
VEHICLE_UPDATES;9000000000;veh_3;41.55463739902028;-8.43089776377875;13.744232501814334;180.0
VEHICLE_UPDATES;9000000000;veh_4;41.554803559817124;-8.430896306242682;11.492722987591835;180.0
VEHICLE_UPDATES;9000000000;veh_5;41.55412873837878;-8.43020045472497;14.85076214846176;270.0
VEHICLE_UPDATES;10000000000;veh_0;41.55410647571779;-8.431525980688855;11.498134840781706;90.0
VEHICLE_UPDATES;10000000000;veh_1;41.55366680284689;-8.43086790553605;11.855593155968377;0.0
VEHICLE_UPDATES;10000000000;veh_2;41.55351375527158;-8.430869248058636;11.92992320817591;0.0
VEHICLE_UPDATES;10000000000;veh_3;41.5545126598517;-8.43089885796282;13.849254100539914;180.0
VEHICLE_UPDATES;10000000000;veh_4;41.55469134113973;-8.430897290608408;12.459158122826794;180.0
VEHICLE_UPDATES;10000000000;veh_5;41.55412961499085;-8.430377385892143;14.755593368950755;270.0
VEHICLE_UPDATES;11000000000;veh_0;41.55410579234108;-8.431387767840127;11.526589335467573;90.0
VEHICLE_UPDATES;11000000000;veh_1;41.55377685193078;-8.430866940186776;12.218275343688578;0.0
VEHICLE_UPDATES;11000000000;veh_2;41.55360665536438;-8.430868433146786;10.314296502199294;0.0
VEHICLE_UPDATES;11000000000;veh_3;41.55438262605819;-8.43089999858279;14.43709324552045;180.0
VEHICLE_UPDATES;11000000000;veh_4;41.55457017896525;-8.43089835341889;13.452115945254949;180.0
VEHICLE_UPDATES;11000000000;veh_5;41.55413051110478;-8.430558310045809;15.088597250827112;270.0
VEHICLE_UPDATES;12000000000;veh_0;41.55410507658643;-8.431243042568774;12.06970874044476;90.0
VEHICLE_UPDATES;12000000000;veh_1;41.55388828597852;-8.430865962683127;12.372042151113414;0.0
VEHICLE_UPDATES;12000000000;veh_2;41.55371658328785;-8.430867468863273;12.204823296342658;0.0
VEHICLE_UPDATES;12000000000;veh_3;41.554276551461044;-8.43090092903384;11.777006396887192;180.0
VEHICLE_UPDATES;12000000000;veh_4;41.55444225271732;-8.43089947555539;14.20310166038242;180.0
VEHICLE_UPDATES;12000000000;veh_5;41.554131168557404;-8.430691085383183;11.073112524100129;270.0
VEHICLE_UPDATES;13000000000;veh_0;41.55410437786109;-8.431101796133378;11.779583349744039;90.0
VEHICLE_UPDATES;13000000000;veh_1;41.55398149319942;-8.430865145061645;10.348396293439464;0.0
VEHICLE_UPDATES;13000000000;veh_2;41.55382794355292;-8.430866492009834;12.363850245738627;0.0
VEHICLE_UPDATES;13000000000;veh_3;41.55421100801922;-8.430901503956587;7.277006396887192;180.0
VEHICLE_UPDATES;13000000000;veh_4;41.55434170309044;-8.43090035754603;11.163592829797318;180.0
VEHICLE_UPDATES;13000000000;veh_5;41.55413155875548;-8.430769902179652;6.573112524100129;270.0
VEHICLE_UPDATES;14000000000;veh_0;41.554103945973914;-8.431014508226887;7.279583349744039;90.0
VEHICLE_UPDATES;14000000000;veh_1;41.554034169260795;-8.430864682981154;5.848396293439464;0.0
VEHICLE_UPDATES;14000000000;veh_2;41.55391311713597;-8.43086574486253;9.456455976435066;0.0
VEHICLE_UPDATES;14000000000;veh_3;41.5541573398126;-8.430908791204935;6.047223145799747;188.26138092590827
VEHICLE_UPDATES;14000000000;veh_4;41.55428168461856;-8.430900884007606;6.663592829797318;180.0
VEHICLE_UPDATES;14000000000;veh_5;41.55413168180994;-8.430794760432022;2.073112524100129;270.0
VEHICLE_UPDATES;15000000000;veh_0;41.55410375031329;-8.430974968032913;3.297548925540584;90.0
VEHICLE_UPDATES;15000000000;veh_1;41.55407714328827;-8.430858236951053;4.842238265755864;7.334116973240985
VEHICLE_UPDATES;15000000000;veh_2;41.55396975624744;-8.430865248019376;6.28839660899303;0.0
VEHICLE_UPDATES;15000000000;veh_3;41.55413257380317;-8.430974984593522;6.601435060339084;256.8611434942939
VEHICLE_UPDATES;15000000000;veh_4;41.55422409357867;-8.43090138917507;6.394085429407956;180.0
VEHICLE_UPDATES;15000000000;veh_5;41.55413168466599;-8.430795337394018;0.048117104891057;270.0
VEHICLE_UPDATES;16000000000;veh_0;41.554103736993724;-8.430972276439896;0.224471830278779;90.0
VEHICLE_UPDATES;16000000000;veh_1;41.554101316283834;-8.430812114174676;4.974260422950889;60.61774481700321
VEHICLE_UPDATES;16000000000;veh_2;41.55400534828246;-8.430864935802255;3.951630388649024;0.0
VEHICLE_UPDATES;16000000000;veh_3;41.55413310901968;-8.43108315065334;9.020762848207763;270.0
VEHICLE_UPDATES;16000000000;veh_4;41.55418955017233;-8.430901692176443;3.835205784428203;180.0
VEHICLE_UPDATES;16000000000;veh_5;41.554131685297925;-8.430795465055029;0.010646590743734;270.0
VEHICLE_UPDATES;17000000000;veh_0;41.55410373065193;-8.430970994907888;0.106876423531111;90.0
VEHICLE_UPDATES;17000000000;veh_1;41.55410262539677;-8.430747691897167;5.38410395904472;90.0
VEHICLE_UPDATES;17000000000;veh_2;41.554045552119405;-8.43086458312924;4.463658928728089;0.0
VEHICLE_UPDATES;17000000000;veh_3;41.55413372542891;-8.43120775107065;10.391344424878282;270.0
VEHICLE_UPDATES;17000000000;veh_4;41.55414298910917;-8.430902100591206;5.169474480615267;180.0
VEHICLE_UPDATES;17000000000;veh_5;41.554131685297925;-8.430795465055029;0.0;270.0
VEHICLE_UPDATES;18000000000;veh_0;41.55410373001487;-8.430970866172364;0.01073620659752;90.0
VEHICLE_UPDATES;18000000000;veh_1;41.55410220040513;-8.430661850956609;7.158910803743916;90.0
VEHICLE_UPDATES;18000000000;veh_2;41.55409961333304;-8.430864108896476;6.002183853272706;0.0
VEHICLE_UPDATES;18000000000;veh_3;41.5541344312251;-8.431350453618556;11.901013721321744;270.0
VEHICLE_UPDATES;18000000000;veh_4;41.5540765825536;-8.430902683080912;7.37283402968877;180.0
VEHICLE_UPDATES;18000000000;veh_5;41.554131685297925;-8.430795465055029;0.0;270.0
VEHICLE_UPDATES;19000000000;veh_0;41.55410365656404;-8.430956023633463;1.237828995357869;90.0
VEHICLE_UPDATES;19000000000;veh_1;41.55410168545931;-8.430557858167928;8.672727852748054;90.0
VEHICLE_UPDATES;19000000000;veh_2;41.55417271924386;-8.430863467598813;8.11663470018784;0.0
VEHICLE_UPDATES;19000000000;veh_3;41.55413529041127;-8.431524217915664;14.491480584983748;270.0
VEHICLE_UPDATES;19000000000;veh_4;41.55399191856158;-8.430903425714144;9.399878487980263;180.0
VEHICLE_UPDATES;19000000000;veh_5;41.5541317311687;-8.430804731707529;0.772814314610633;270.0
VEHICLE_UPDATES;20000000000;veh_0;41.55410350038042;-8.430924464197416;2.631974590500487;90.0
VEHICLE_UPDATES;20000000000;veh_1;41.5541010217992;-8.430423860685977;11.175041493135781;90.0
VEHICLE_UPDATES;20000000000;veh_2;41.55425835428441;-8.430862716390441;9.507690188145622;0.0
VEHICLE_UPDATES;20000000000;veh_3;41.554136105676605;-8.431689148664312;13.75478553753645;270.0
VEHICLE_UPDATES;20000000000;veh_4;41.553885404724554;-8.430904359999545;11.8257724966037;180.0
VEHICLE_UPDATES;20000000000;veh_5;41.55413176176921;-8.430810913598487;0.515553358011673;270.0
VEHICLE_UPDATES;21000000000;veh_0;41.55410326243815;-8.43087638745921;4.009474517475484;90.0
VEHICLE_UPDATES;21000000000;veh_1;41.55410025740484;-8.430269563332072;12.867998482139223;90.0
VEHICLE_UPDATES;21000000000;veh_2;41.55436099841004;-8.430861815970541;11.396135934392348;0.0
VEHICLE_UPDATES;21000000000;veh_3;41.55413692606548;-8.431855164255762;13.845257968481823;270.0
VEHICLE_UPDATES;21000000000;veh_4;41.553763796794584;-8.430905426676514;13.501604347710767;180.0
VEHICLE_UPDATES;21000000000;veh_5;41.55413192445414;-8.43084378020414;2.740987983509692;270.0
VEHICLE_UPDATES;22000000000;veh_0;41.55410293057748;-8.43080934109575;5.591491845553411;90.0
VEHICLE_UPDATES;22000000000;veh_1;41.5540995066343;-8.430118056691345;12.635260736445339;90.0
VEHICLE_UPDATES;22000000000;veh_2;41.55447165324808;-8.430860845273425;12.28553111854398;0.0
VEHICLE_UPDATES;22000000000;veh_3;41.55413779764226;-8.432031591502266;14.713561628598912;270.0
VEHICLE_UPDATES;22000000000;veh_4;41.553620195940745;-8.430906686254682;15.94338352355388;180.0
VEHICLE_UPDATES;22000000000;veh_5;41.55413218231966;-8.430895879669468;4.34495756567994;270.0
VEHICLE_UPDATES;23000000000;veh_0;41.55410251060188;-8.430724504045095;7.075188891357413;90.0
VEHICLE_UPDATES;23000000000;veh_1;41.554098736021274;-8.42996258768791;12.965712003634685;90.0
VEHICLE_UPDATES;23000000000;veh_2;41.5545831356499;-8.430859867311169;12.377412207526318;0.0
VEHICLE_UPDATES;23000000000;veh_4;41.55347541979429;-8.430907956132511;16.073870786635204;180.0
VEHICLE_UPDATES;23000000000;veh_5;41.554132575204974;-8.430975267867156;6.620765536209363;270.0
VEHICLE_UPDATES;24000000000;veh_0;41.55410198744429;-8.43061884142641;8.811987191672108;90.0
VEHICLE_UPDATES;24000000000;veh_1;41.55409798902908;-8.429811924583927;12.564912925163657;90.0
VEHICLE_UPDATES;24000000000;veh_2;41.55469119584627;-8.430858919364407;11.997459669792255;0.0
VEHICLE_UPDATES;24000000000;veh_4;41.55333673199729;-8.430909172598744;15.397907235619611;180.0
VEHICLE_UPDATES;24000000000;veh_5;41.554133099828114;-8.431081292884796;8.842205604189802;270.0
VEHICLE_UPDATES;25000000000;veh_0;41.55410137195679;-8.430494555953373;10.36508503800784;90.0
VEHICLE_UPDATES;25000000000;veh_2;41.55480185832851;-8.430857948583986;12.28638053532613;0.0
VEHICLE_UPDATES;25000000000;veh_5;41.55413375258905;-8.431213241824976;11.004191742558758;270.0
VEHICLE_UPDATES;26000000000;veh_0;41.554100664443865;-8.430351721275692;11.912040835166255;90.0
VEHICLE_UPDATES;26000000000;veh_2;41.554913622060134;-8.430856968137387;12.408647770862258;0.0
VEHICLE_UPDATES;26000000000;veh_5;41.554134556253615;-8.431375736444886;13.55161994034497;270.0
VEHICLE_UPDATES;27000000000;veh_0;41.55409997008701;-8.430211577397248;11.68763558691265;90.0
VEHICLE_UPDATES;27000000000;veh_5;41.55413544478876;-8.431555445295164;14.987240415419906;270.0
VEHICLE_UPDATES;28000000000;veh_0;41.55409929829827;-8.430076021301526;11.305026809930707;90.0
VEHICLE_UPDATES;28000000000;veh_5;41.55413632946624;-8.43173443038737;14.926880247545883;270.0
VEHICLE_UPDATES;29000000000;veh_0;41.55409861070638;-8.429937309770336;11.56818234130172;90.0
VEHICLE_UPDATES;29000000000;veh_5;41.55413721937619;-8.431914530990731;15.019910235334644;270.0
VEHICLE_UPDATES;30000000000;veh_0;41.5540979519003;-8.429804437007544;11.081244560320767;90.0
VEHICLE_REGISTRATION;41000000000;veh_6;[eclipse.mosaic.apps.OnVehicleUpdatedApp];Car
VEHICLE_REGISTRATION;41000000000;veh_7;[eclipse.mosaic.apps.OnVehicleUpdatedApp];Car
VEHICLE_REGISTRATION;41000000000;veh_8;[eclipse.mosaic.apps.OnVehicleUpdatedApp];Car
VEHICLE_REGISTRATION;41000000000;veh_9;[eclipse.mosaic.apps.OnVehicleUpdatedApp];Car
VEHICLE_REGISTRATION;41000000000;veh_10;[eclipse.mosaic.apps.OnVehicleUpdatedApp];Car
VEHICLE_REGISTRATION;41000000000;veh_11;[eclipse.mosaic.apps.OnVehicleUpdatedApp];Car
VEHICLE_UPDATES;43000000000;veh_6;41.55410846443783;-8.431928390390901;12.839086422663868;90.0
VEHICLE_UPDATES;43000000000;veh_7;41.553340629959514;-8.430870766689166;13.734968340714188;0.0
VEHICLE_UPDATES;43000000000;veh_9;41.55489487962534;-8.430895505194627;13.724465316669285;180.0
VEHICLE_UPDATES;43000000000;veh_11;41.55412702777092;-8.429855351974556;14.29604150208725;270.0
VEHICLE_UPDATES;44000000000;veh_6;41.554107719963454;-8.431777715545234;12.565885975109168;90.0
VEHICLE_UPDATES;44000000000;veh_7;41.55345841040506;-8.430869733537357;13.076654356686124;0.0
VEHICLE_UPDATES;44000000000;veh_8;41.55331516760047;-8.430870990040221;10.907992586536588;0.0
VEHICLE_UPDATES;44000000000;veh_9;41.55476464163713;-8.430896647627865;14.459765077238172;180.0
VEHICLE_UPDATES;44000000000;veh_10;41.55492158887832;-8.43089527090308;10.759051506914156;180.0
VEHICLE_UPDATES;44000000000;veh_11;41.55412787307368;-8.430025859570485;14.219885684555269;270.0
VEHICLE_UPDATES;45000000000;veh_6;41.55410696341063;-8.431624637055137;12.766344084860512;90.0
VEHICLE_UPDATES;45000000000;veh_7;41.55358095545288;-8.430868658584647;13.605647863788256;0.0
VEHICLE_UPDATES;45000000000;veh_8;41.55341775425333;-8.430870090167513;11.389753086296079;0.0
VEHICLE_UPDATES;45000000000;veh_9;41.55463683865624;-8.430897768694154;14.189416336240448;180.0
VEHICLE_UPDATES;45000000000;veh_10;41.55480382679932;-8.430896303900747;13.07461847722672;180.0
VEHICLE_UPDATES;45000000000;veh_11;41.55412877928176;-8.430208709162972;15.24917510827618;270.0
VEHICLE_UPDATES;46000000000;veh_6;41.554106241559445;-8.431478618410265;12.177571987095044;90.0
VEHICLE_UPDATES;46000000000;veh_7;41.55370059562318;-8.430867609106786;13.283132128222572;0.0
VEHICLE_UPDATES;46000000000;veh_8;41.55352312599684;-8.430869165859592;11.698969886648223;0.0
VEHICLE_UPDATES;46000000000;veh_9;41.554509722971005;-8.430898883724398;14.113108537411518;180.0
VEHICLE_UPDATES;46000000000;veh_10;41.55469358438987;-8.430897270931004;12.239741579668149;180.0
VEHICLE_UPDATES;46000000000;veh_11;41.55412965570044;-8.430385603856084;14.752551498059988;270.0
VEHICLE_UPDATES;47000000000;veh_6;41.55410551055314;-8.431330786048271;12.328831690470443;90.0
VEHICLE_UPDATES;47000000000;veh_7;41.55381942403925;-8.430866566743294;13.19300683533373;0.0
VEHICLE_UPDATES;47000000000;veh_8;41.55363109779493;-8.430868218739192;11.987642951831909;0.0
VEHICLE_UPDATES;47000000000;veh_9;41.55438035514058;-8.430900018502575;14.363154217177271;180.0
VEHICLE_UPDATES;47000000000;veh_10;41.55458657151108;-8.43089820962712;11.881180421511196;180.0
VEHICLE_UPDATES;47000000000;veh_11;41.5541304985588;-8.430555776632238;14.191960711661386;270.0
VEHICLE_UPDATES;48000000000;veh_6;41.55410479208987;-8.431185527718998;12.114164548497401;90.0
VEHICLE_UPDATES;48000000000;veh_7;41.55393184293311;-8.430865580598386;12.48138546678935;0.0
VEHICLE_UPDATES;48000000000;veh_8;41.553732967547916;-8.430867325140714;11.310159419254155;0.0
VEHICLE_UPDATES;48000000000;veh_9;41.55427657873303;-8.43090092879462;11.521848286051895;180.0
VEHICLE_UPDATES;48000000000;veh_10;41.55446883381559;-8.430899242393359;13.071910511205457;180.0
VEHICLE_UPDATES;48000000000;veh_11;41.554131100008156;-8.430677240125844;10.129734645039434;270.0
VEHICLE_UPDATES;49000000000;veh_6;41.554104200351055;-8.431065918292818;9.975113478834606;90.0
VEHICLE_UPDATES;49000000000;veh_7;41.55400460106354;-8.430864942356946;8.078021898604922;0.0
VEHICLE_UPDATES;49000000000;veh_8;41.55383874811985;-8.430866397231764;11.744360995954588;0.0
VEHICLE_UPDATES;49000000000;veh_9;41.554212082537546;-8.430901494531327;7.160735142036939;180.0
VEHICLE_UPDATES;49000000000;veh_10;41.554361191036364;-8.430900186604067;11.951115088938408;180.0
VEHICLE_UPDATES;49000000000;veh_11;41.55413150106702;-8.430758248898222;6.755917543557601;270.0
VEHICLE_UPDATES;50000000000;veh_6;41.55410384013508;-8.430993119381524;6.071239048238714;90.0
VEHICLE_UPDATES;50000000000;veh_7;41.55403821786106;-8.430864647466313;3.732328298534266;0.0
VEHICLE_UPDATES;50000000000;veh_8;41.55391753864891;-8.43086570607669;8.747773001575403;0.0
VEHICLE_UPDATES;50000000000;veh_9;41.554151532532;-8.430913499446946;6.921298225751607;194.10617282127822
VEHICLE_UPDATES;50000000000;veh_10;41.55428550809773;-8.430900850469397;8.402751227799483;180.0
VEHICLE_UPDATES;50000000000;veh_11;41.55413163497479;-8.43078529912672;2.255917543557601;270.0
VEHICLE_UPDATES;51000000000;veh_6;41.554103746903536;-8.430974278994928;1.571239048238714;90.0
VEHICLE_UPDATES;51000000000;veh_7;41.55408882207995;-8.430848768388785;5.910640153111889;18.51322362285075
VEHICLE_UPDATES;51000000000;veh_8;41.55395932285813;-8.43086533954207;4.639120788191945;0.0
VEHICLE_UPDATES;51000000000;veh_9;41.55413257655123;-8.430975539917757;5.892971697115799;257.22141321426045
VEHICLE_UPDATES;51000000000;veh_10;41.55421683263332;-8.430901452865312;7.624741401545243;180.0
VEHICLE_UPDATES;51000000000;veh_11;41.554131673941534;-8.430793170900067;0.656485083567216;270.0
VEHICLE_UPDATES;52000000000;veh_6;41.55410373522888;-8.430971919804913;0.196750287733936;90.0
VEHICLE_UPDATES;52000000000;veh_7;41.554102779092055;-8.430778738867852;6.251227405344426;84.90461614077488
VEHICLE_UPDATES;52000000000;veh_8;41.55401907192025;-8.430864815416895;6.633681090683245;0.0
VEHICLE_UPDATES;52000000000;veh_9;41.554133077952315;-8.431076871447118;8.45078111956035;270.0
VEHICLE_UPDATES;52000000000;veh_10;41.55416945076974;-8.430901868480369;5.260604442528052;180.0
VEHICLE_UPDATES;52000000000;veh_11;41.554131684546796;-8.430795313315965;0.178671820933755;270.0
VEHICLE_UPDATES;53000000000;veh_6;41.554103729897164;-8.430970842387438;0.089853804455111;90.0
VEHICLE_UPDATES;53000000000;veh_7;41.554102291848416;-8.430680319821656;8.207891993716649;90.0
VEHICLE_UPDATES;53000000000;veh_8;41.55410088957363;-8.430864097701093;9.083861866984085;0.0
VEHICLE_UPDATES;53000000000;veh_9;41.554133682391246;-8.431199050590072;10.189416582664933;270.0
VEHICLE_UPDATES;53000000000;veh_10;41.55410801031448;-8.430902407410374;6.821469324070563;180.0
VEHICLE_UPDATES;53000000000;veh_11;41.554131685001416;-8.430795405156038;0.007659219244245;270.0
VEHICLE_UPDATES;54000000000;veh_6;41.55410366330983;-8.430957386770038;1.122163362885684;90.0
VEHICLE_UPDATES;54000000000;veh_7;41.55410165062975;-8.430550825059878;10.799526004449753;90.0
VEHICLE_UPDATES;54000000000;veh_8;41.55420463577256;-8.430863187620773;11.518494072388426;0.0
VEHICLE_UPDATES;54000000000;veh_9;41.55413437324648;-8.431338729766425;11.648872588450546;270.0
VEHICLE_UPDATES;54000000000;veh_10;41.554030104045346;-8.430903090769203;8.64959766383988;180.0
VEHICLE_UPDATES;54000000000;veh_11;41.55413174122565;-8.430806763396454;0.947247215919498;270.0
VEHICLE_UPDATES;55000000000;veh_6;41.554103507099725;-8.43092582190483;2.632427367396511;90.0
VEHICLE_UPDATES;55000000000;veh_7;41.554100916199054;-8.430402542207998;12.366404235692052;90.0
VEHICLE_UPDATES;55000000000;veh_8;41.55431144212216;-8.430862250691257;11.858249655282812;0.0
VEHICLE_UPDATES;55000000000;veh_9;41.554135200142305;-8.431505959161631;13.946487185630472;270.0
VEHICLE_UPDATES;55000000000;veh_10;41.553933509257206;-8.430903938051587;10.724503310478825;180.0
VEHICLE_UPDATES;55000000000;veh_11;41.5541318909569;-8.430837012733482;2.522714705788832;270.0
VEHICLE_UPDATES;56000000000;veh_6;41.55410326046252;-8.430875988296766;4.155992878871828;90.0
VEHICLE_UPDATES;56000000000;veh_7;41.55410009176589;-8.430236133675209;13.878039433984743;90.0
VEHICLE_UPDATES;56000000000;veh_8;41.554418171223325;-8.430861314434317;11.84967331503121;0.0
VEHICLE_UPDATES;56000000000;veh_9;41.55413601120735;-8.43167003478456;13.683470391966603;270.0
VEHICLE_UPDATES;56000000000;veh_10;41.55382264922561;-8.430904910456618;12.308311629380583;180.0
VEHICLE_UPDATES;56000000000;veh_11;41.55413214167666;-8.430887667790305;4.224497725884731;270.0
VEHICLE_UPDATES;57000000000;veh_6;41.55410289382132;-8.430801915672847;6.177463648389883;90.0
VEHICLE_UPDATES;57000000000;veh_7;41.55409925893128;-8.43006807868131;14.015350600486347;90.0
VEHICLE_UPDATES;57000000000;veh_8;41.55452521885601;-8.430860375378042;11.885038725902081;0.0
VEHICLE_UPDATES;57000000000;veh_9;41.55413686378277;-8.431842558896335;14.388051278209515;270.0
VEHICLE_UPDATES;57000000000;veh_10;41.553706995513366;-8.430905924903433;12.84053307801161;180.0
VEHICLE_UPDATES;57000000000;veh_11;41.55413249120494;-8.430958293506118;5.88999776179001;270.0
VEHICLE_UPDATES;58000000000;veh_6;41.554102421745874;-8.430706556332082;7.952720484780937;90.0
VEHICLE_UPDATES;58000000000;veh_7;41.5540984532933;-8.429905558748223;13.553741446594433;90.0
VEHICLE_UPDATES;58000000000;veh_8;41.55463349125075;-8.430859425572578;12.02101902247941;0.0
VEHICLE_UPDATES;58000000000;veh_9;41.55413770858938;-8.432013562630678;14.26125523950459;270.0
VEHICLE_UPDATES;58000000000;veh_10;41.55359576133561;-8.430906900579064;12.349850970685035;180.0
VEHICLE_UPDATES;58000000000;veh_11;41.55413293001861;-8.4310469726484;7.395605596970135;270.0
VEHICLE_UPDATES;59000000000;veh_6;41.55410180615215;-8.43058223026151;10.368470539167383;90.0
VEHICLE_UPDATES;59000000000;veh_7;41.55409762807088;-8.429739136102073;13.879218178536469;90.0
VEHICLE_UPDATES;59000000000;veh_8;41.55473947894155;-8.43085849580433;11.767358376887382;0.0
VEHICLE_UPDATES;59000000000;veh_10;41.553479551154126;-8.430907919895164;12.90231494609408;180.0
VEHICLE_UPDATES;59000000000;veh_11;41.554133487031876;-8.431159558468275;9.389358954713979;270.0
VEHICLE_UPDATES;60000000000;veh_6;41.55410109204035;-8.430438041359;12.024979403932438;90.0
VEHICLE_UPDATES;60000000000;veh_8;41.5548438950655;-8.430857579817639;11.592874269989075;0.0
VEHICLE_UPDATES;60000000000;veh_10;41.553372423390904;-8.430908859541194;11.893933004971146;180.0
VEHICLE_UPDATES;60000000000;veh_11;41.554134156553694;-8.431294914479224;11.288332185056358;270.0
VEHICLE_UPDATES;61000000000;veh_6;41.55410030656741;-8.430279485820071;13.22312001140298;90.0
VEHICLE_UPDATES;61000000000;veh_8;41.55494417087756;-8.430856700147121;11.13319340428406;0.0
VEHICLE_UPDATES;61000000000;veh_10;41.553262213966576;-8.430909826211968;12.236076298464575;180.0
VEHICLE_UPDATES;61000000000;veh_11;41.5541349527717;-8.43145592637687;13.427964568161704;270.0
VEHICLE_UPDATES;62000000000;veh_6;41.55409958048928;-8.430132958952761;12.219960516053007;90.0
VEHICLE_UPDATES;62000000000;veh_11;41.55413579121055;-8.431625525519566;14.144117411021949;270.0
VEHICLE_UPDATES;63000000000;veh_6;41.554098826211316;-8.429980781083442;12.691239894521177;90.0
VEHICLE_UPDATES;63000000000;veh_11;41.554136670798435;-8.43180350268979;14.842821979504883;270.0
VEHICLE_UPDATES;64000000000;veh_6;41.55409803982792;-8.429822169092523;13.227829475085937;90.0
VEHICLE_UPDATES;64000000000;veh_11;41.55413751606719;-8.431974588219608;14.26807690288952;270.0
VEHICLE_REGISTRATION;77000000000;veh_12;[eclipse.mosaic.apps.OnVehicleUpdatedApp];Car
VEHICLE_REGISTRATION;77000000000;veh_13;[eclipse.mosaic.apps.OnVehicleUpdatedApp];Car
VEHICLE_REGISTRATION;77000000000;veh_14;[eclipse.mosaic.apps.OnVehicleUpdatedApp];Car
VEHICLE_REGISTRATION;77000000000;veh_15;[eclipse.mosaic.apps.OnVehicleUpdatedApp];Car
VEHICLE_REGISTRATION;77000000000;veh_16;[eclipse.mosaic.apps.OnVehicleUpdatedApp];Car
VEHICLE_REGISTRATION;77000000000;veh_17;[eclipse.mosaic.apps.OnVehicleUpdatedApp];Car
VEHICLE_UPDATES;79000000000;veh_12;41.5541085742913;-8.431950627117429;10.98460193503462;90.0
VEHICLE_UPDATES;79000000000;veh_13;41.553341682831835;-8.43087075745356;13.851864208948248;0.0
VEHICLE_UPDATES;79000000000;veh_15;41.55489864877949;-8.430895472131912;13.305992295821317;180.0
VEHICLE_UPDATES;79000000000;veh_17;41.55412701902243;-8.429853587567955;14.148894622365454;270.0
VEHICLE_UPDATES;80000000000;veh_12;41.554107954692405;-8.4318252182373;10.458770787215794;90.0
VEHICLE_UPDATES;80000000000;veh_13;41.55346245575423;-8.43086969805207;13.408896146101327;0.0
VEHICLE_UPDATES;80000000000;veh_14;41.55331651794038;-8.430870978195298;11.057914994468177;0.0
VEHICLE_UPDATES;80000000000;veh_15;41.55477936776161;-8.430896518452307;13.243259692210824;180.0
VEHICLE_UPDATES;80000000000;veh_16;41.55492110887821;-8.430895275113608;10.812343860265917;180.0
VEHICLE_UPDATES;80000000000;veh_17;41.55412790070035;-8.430031433057346;14.831846720285224;270.0
VEHICLE_UPDATES;81000000000;veh_12;41.55410733426798;-8.43169966999814;10.470393291896212;90.0
VEHICLE_UPDATES;81000000000;veh_13;41.553580691267065;-8.430868660902066;13.127178793415808;0.0
VEHICLE_UPDATES;81000000000;veh_14;41.55341296739107;-8.43087013215716;10.708366027465722;0.0
VEHICLE_UPDATES;81000000000;veh_15;41.554659839840795;-8.430897566932162;13.270671984246121;180.0
VEHICLE_UPDATES;81000000000;veh_16;41.554821841352634;-8.430896145879212;11.021247562399562;180.0
VEHICLE_UPDATES;81000000000;veh_17;41.55412876857623;-8.43020654871832;14.604185554713453;270.0
VEHICLE_UPDATES;82000000000;veh_12;41.55410670899251;-8.431573168164313;10.549920913775454;90.0
VEHICLE_UPDATES;82000000000;veh_13;41.553703474058985;-8.430867583857205;13.632043858912223;0.0
VEHICLE_UPDATES;82000000000;veh_14;41.553515588317275;-8.43086923197935;11.393558503119907;0.0
VEHICLE_UPDATES;82000000000;veh_15;41.55455066586957;-8.43089852458327;12.121117161349513;180.0
VEHICLE_UPDATES;82000000000;veh_16;41.55471865818749;-8.4308970509878;11.45598402341039;180.0
VEHICLE_UPDATES;82000000000;veh_17;41.55412962484131;-8.430379374373228;14.413204443876142;270.0
VEHICLE_UPDATES;83000000000;veh_12;41.55410611197356;-8.431452409283075;10.07097405210417;90.0
VEHICLE_UPDATES;83000000000;veh_13;41.55382828509406;-8.430866489013823;13.857231251538181;0.0
VEHICLE_UPDATES;83000000000;veh_14;41.553613535276995;-8.430868372796615;10.874628369617907;0.0
VEHICLE_UPDATES;83000000000;veh_15;41.55443740332036;-8.430899518092923;12.575054171676868;180.0
VEHICLE_UPDATES;83000000000;veh_16;41.554610180295455;-8.430898002535903;12.043834604514347;180.0
VEHICLE_UPDATES;83000000000;veh_17;41.554130510227786;-8.430558132953383;14.90799412785794;270.0
VEHICLE_UPDATES;84000000000;veh_12;41.554105488716594;-8.431326370604888;10.511295597476886;90.0
VEHICLE_UPDATES;84000000000;veh_13;41.55393801244875;-8.430865526478883;12.18255548241826;0.0
VEHICLE_UPDATES;84000000000;veh_14;41.553716348946026;-8.430867470918916;11.414958311725108;0.0
VEHICLE_UPDATES;84000000000;veh_15;41.55432588218714;-8.430900496321756;12.381711988612198;180.0
VEHICLE_UPDATES;84000000000;veh_16;41.55450482705031;-8.43089892667017;11.696918254938469;180.0
VEHICLE_UPDATES;84000000000;veh_17;41.55413114156752;-8.43068563405179;10.633254929092907;270.0
VEHICLE_UPDATES;85000000000;veh_12;41.5541048862459;-8.43120456199782;10.158519061434085;90.0
VEHICLE_UPDATES;85000000000;veh_13;41.554008130786215;-8.430864911393813;7.784937060389652;0.0
VEHICLE_UPDATES;85000000000;veh_14;41.553817415941424;-8.430866584358391;11.221032870365939;0.0
VEHICLE_UPDATES;85000000000;veh_15;41.554246529805496;-8.430901192372898;8.81015365093643;180.0
VEHICLE_UPDATES;85000000000;veh_16;41.554396794659326;-8.43089987430016;11.99437208488726;180.0
VEHICLE_UPDATES;85000000000;veh_17;41.55413153262894;-8.43076462449269;6.587594019920756;270.0
VEHICLE_UPDATES;86000000000;veh_12;41.55410426015942;-8.431078006342652;10.554410777601095;90.0
VEHICLE_UPDATES;86000000000;veh_13;41.554044356643374;-8.430864593616114;4.022000959584481;0.0
VEHICLE_UPDATES;86000000000;veh_14;41.553907432308165;-8.430865794730249;9.994129371333056;0.0
VEHICLE_UPDATES;86000000000;veh_15;41.554203664004774;-8.430901568375438;4.759205440328683;180.0
VEHICLE_UPDATES;86000000000;veh_16;41.55431948962594;-8.430900552395155;8.582845485122418;180.0
VEHICLE_UPDATES;86000000000;veh_17;41.55413165654412;-8.430789656389573;2.087594019920756;270.0
VEHICLE_UPDATES;87000000000;veh_12;41.554103900949585;-8.431005409215281;6.054410777601095;90.0
VEHICLE_UPDATES;87000000000;veh_13;41.55409233947023;-8.430843277528941;5.847682241048055;24.744470452329075
VEHICLE_UPDATES;87000000000;veh_14;41.5539579060697;-8.43086535197027;5.603884349721611;0.0
VEHICLE_UPDATES;87000000000;veh_15;41.55415717679193;-8.430908923373647;5.253036718043187;188.42398073579895
VEHICLE_UPDATES;87000000000;veh_16;41.55427217691775;-8.430900967405769;5.25292651296489;180.0
VEHICLE_UPDATES;87000000000;veh_17;41.554131680478996;-8.430794491560954;0.403240508282194;270.0
VEHICLE_UPDATES;88000000000;veh_12;41.55410372972392;-8.430970807378863;2.885702805860588;90.0
VEHICLE_UPDATES;88000000000;veh_13;41.554102794498554;-8.43078185112593;5.373068534206713;82.93565507514639
VEHICLE_UPDATES;88000000000;veh_14;41.55400447099935;-8.430864943497884;5.169903624768009;0.0
VEHICLE_UPDATES;88000000000;veh_15;41.55413404336174;-8.430954700125174;4.877530598369322;241.2037578755749
VEHICLE_UPDATES;88000000000;veh_16;41.55422824619874;-8.43090135274986;4.877438760804075;180.0
VEHICLE_UPDATES;88000000000;veh_17;41.554131685298174;-8.430795465105653;0.081191053685159;270.0
VEHICLE_UPDATES;89000000000;veh_12;41.55410372972392;-8.430970807378863;0.0;90.0
VEHICLE_UPDATES;89000000000;veh_13;41.554102503724174;-8.430723114820058;4.89845482736537;90.0
VEHICLE_UPDATES;89000000000;veh_14;41.554047127097185;-8.430864569313327;4.735922899814407;0.0
VEHICLE_UPDATES;89000000000;veh_15;41.55413273990155;-8.43100855050249;4.502024478695458;268.5181618953195
VEHICLE_UPDATES;89000000000;veh_16;41.55418769746897;-8.430901708427625;4.501951008643259;180.0
VEHICLE_UPDATES;89000000000;veh_17;41.554131685298174;-8.430795465105653;0.0;270.0
VEHICLE_UPDATES;90000000000;veh_12;41.55410372972392;-8.430970807378863;0.0;90.0
VEHICLE_UPDATES;90000000000;veh_13;41.55410224109728;-8.430670069504606;4.423841120524028;90.0
VEHICLE_UPDATES;90000000000;veh_14;41.55408587436333;-8.430864229416823;4.301942174860805;0.0
VEHICLE_UPDATES;90000000000;veh_15;41.55413298473276;-8.431058030711606;4.126518359021594;270.0
VEHICLE_UPDATES;90000000000;veh_16;41.554150530728535;-8.430902034439244;4.126463256482445;180.0
VEHICLE_UPDATES;90000000000;veh_17;41.554131685298174;-8.430795465105653;0.0;270.0
VEHICLE_UPDATES;91000000000;veh_12;41.55410371152652;-8.430967130112123;0.306674445539808;90.0
VEHICLE_UPDATES;91000000000;veh_13;41.55410200662576;-8.430622715179343;3.949227413682685;90.0
VEHICLE_UPDATES;91000000000;veh_14;41.55412071279785;-8.430863923808575;3.867961449907204;0.0
VEHICLE_UPDATES;91000000000;veh_15;41.55413320726628;-8.431103008306772;3.751012239347729;270.0
VEHICLE_UPDATES;91000000000;veh_16;41.554116745977474;-8.430902330784889;3.75097550432163;180.0
VEHICLE_UPDATES;91000000000;veh_17;41.554131705412416;-8.430799528494319;0.338875870137574;270.0
VEHICLE_UPDATES;92000000000;veh_12;41.55410368403978;-8.430961575733352;0.46322068869436;90.0
VEHICLE_UPDATES;92000000000;veh_13;41.55410180031664;-8.430581051844072;3.474613706841343;90.0
VEHICLE_UPDATES;92000000000;veh_14;41.554151642400825;-8.43086365248876;3.433980724953602;0.0
VEHICLE_UPDATES;92000000000;veh_15;41.55413340750739;-8.431143483287835;3.375506119673864;270.0
VEHICLE_UPDATES;92000000000;veh_16;41.55408634321587;-8.430902597464708;3.375487752160815;180.0
VEHICLE_UPDATES;92000000000;veh_17;41.55413173450406;-8.430805405510831;0.490127636233145;270.0
VEHICLE_UPDATES;93000000000;veh_12;41.55410365655276;-8.430956021354591;0.46322068869436;90.0
VEHICLE_UPDATES;93000000000;veh_13;41.5541016221761;-8.430545079498613;3.0;90.0
VEHICLE_UPDATES;93000000000;veh_14;41.554178663172294;-8.430863415457543;3.0;0.0
VEHICLE_UPDATES;93000000000;veh_15;41.554133585460846;-8.431179455654657;3.0;270.0
VEHICLE_UPDATES;93000000000;veh_16;41.55405932244378;-8.430902834478841;3.0;180.0
VEHICLE_UPDATES;93000000000;veh_17;41.55413176359541;-8.430811282527353;0.490127636233145;270.0
VEHICLE_UPDATES;94000000000;veh_12;41.55410364420211;-8.430953525640588;0.208136032802536;90.0
VEHICLE_UPDATES;94000000000;veh_13;41.55410134726465;-8.430489570431117;4.62931183015462;90.0
VEHICLE_UPDATES;94000000000;veh_14;41.55422355678476;-8.430863021641732;4.984344669431447;0.0
VEHICLE_UPDATES;94000000000;veh_15;41.55413391112029;-8.431245291911765;5.490569185698405;270.0
VEHICLE_UPDATES;94000000000;veh_16;41.554016476877806;-8.430903210300324;4.756958709447645;180.0
VEHICLE_UPDATES;94000000000;veh_17;41.55413177748999;-8.43081408952336;0.234096043475681;270.0
VEHICLE_UPDATES;95000000000;veh_12;41.55410355219544;-8.4309349340695;1.550488499879389;90.0
VEHICLE_UPDATES;95000000000;veh_13;41.55410099210883;-8.430417866735112;5.979901814949699;90.0
VEHICLE_UPDATES;95000000000;veh_14;41.554291093931944;-8.430862429190586;7.498358994279987;0.0
VEHICLE_UPDATES;95000000000;veh_15;41.55413437674672;-8.431339437542793;7.851495711761526;270.0
VEHICLE_UPDATES;95000000000;veh_16;41.55395638752487;-8.430903737374953;6.671462066285311;180.0
VEHICLE_UPDATES;95000000000;veh_17;41.55413188440543;-8.430835689143027;1.801351153187231;270.0
VEHICLE_UPDATES;96000000000;veh_12;41.55410332225325;-8.430888472844593;3.874744912727288;90.0
VEHICLE_UPDATES;96000000000;veh_13;41.55410048947019;-8.430316402625678;8.46184310009703;90.0
VEHICLE_UPDATES;96000000000;veh_14;41.55437490057766;-8.430861694016896;9.304691570578143;0.0
VEHICLE_UPDATES;96000000000;veh_15;41.554134933095135;-8.431451946815617;9.382974447961896;270.0
VEHICLE_UPDATES;96000000000;veh_16;41.5538801744731;-8.43090440587653;8.461606805818155;180.0
VEHICLE_UPDATES;96000000000;veh_17;41.554132110097555;-8.43088128734601;3.802769497630896;270.0
VEHICLE_UPDATES;97000000000;veh_12;41.554102976844575;-8.430818688039917;5.819870685275196;90.0
VEHICLE_UPDATES;97000000000;veh_13;41.55409983277407;-8.430183867246047;11.053106628288514;90.0
VEHICLE_UPDATES;97000000000;veh_14;41.554474493162225;-8.430860820360783;11.057336670873386;0.0
VEHICLE_UPDATES;97000000000;veh_15;41.5541355751764;-8.43158182136111;10.831191725912502;270.0
VEHICLE_UPDATES;97000000000;veh_16;41.55378245286538;-8.430905263036287;10.849608948896638;180.0
VEHICLE_UPDATES;97000000000;veh_17;41.55413247959745;-8.43095594795554;6.226497224846633;270.0
VEHICLE_UPDATES;98000000000;veh_12;41.55410253308513;-8.430729045445828;7.47595867463529;90.0
VEHICLE_UPDATES;98000000000;veh_13;41.55409903588614;-8.430023079536983;13.40927805805113;90.0
VEHICLE_UPDATES;98000000000;veh_14;41.55457442815693;-8.430859943696513;11.095353192990347;0.0
VEHICLE_UPDATES;98000000000;veh_15;41.55413629910179;-8.43172828621562;12.214778958791987;270.0
VEHICLE_UPDATES;98000000000;veh_16;41.553672407476824;-8.430906228288334;12.217864997695694;180.0
VEHICLE_UPDATES;98000000000;veh_17;41.554132940783745;-8.43104914833083;7.772664455382864;270.0
VEHICLE_UPDATES;99000000000;veh_12;41.55410200106148;-8.430621591453976;8.961383039808384;90.0
VEHICLE_UPDATES;99000000000;veh_13;41.55409822993436;-8.429860509145175;13.557949726019435;90.0
VEHICLE_UPDATES;99000000000;veh_14;41.554670437300764;-8.430859101466979;10.65948301771719;0.0
VEHICLE_UPDATES;99000000000;veh_15;41.55413705778517;-8.43188182384504;12.804629078339905;270.0
VEHICLE_UPDATES;99000000000;veh_16;41.5535634799655;-8.43090718372973;12.09375167455201;180.0
VEHICLE_UPDATES;99000000000;veh_17;41.554133490328475;-8.431160224856646;9.26348782734737;270.0
VEHICLE_UPDATES;100000000000;veh_12;41.55410139034255;-8.430498268199019;10.284838545870038;90.0
VEHICLE_UPDATES;100000000000;veh_13;41.554097463697666;-8.429705992750177;12.886267758362376;90.0
VEHICLE_UPDATES;100000000000;veh_14;41.55477318496766;-8.430858200119959;11.407632499877995;0.0
VEHICLE_UPDATES;100000000000;veh_15;41.55413783328308;-8.432038807191251;13.091992167588444;270.0
VEHICLE_UPDATES;100000000000;veh_16;41.55345654892871;-8.430908121654216;11.872091496327453;180.0
VEHICLE_UPDATES;100000000000;veh_17;41.55413413150951;-8.43128985075989;10.81045641183179;270.0
VEHICLE_UPDATES;101000000000;veh_12;41.55410079644295;-8.430378366899848;9.99945664204471;90.0
VEHICLE_UPDATES;101000000000;veh_14;41.554874006206866;-8.430857315667835;11.19374970366776;0.0
VEHICLE_UPDATES;101000000000;veh_16;41.55334388136735;-8.430909109889994;12.50899281602961;180.0
VEHICLE_UPDATES;101000000000;veh_17;41.55413489685362;-8.431444617084827;12.907100420526938;270.0
VEHICLE_UPDATES;102000000000;veh_12;41.554100204360076;-8.430258857493858;9.966774068412374;90.0
VEHICLE_UPDATES;102000000000;veh_14;41.55497941237128;-8.43085639098972;11.702794491979926;0.0
VEHICLE_UPDATES;102000000000;veh_16;41.55323107770586;-8.430910099313888;12.524103177349575;180.0
VEHICLE_UPDATES;102000000000;veh_17;41.554135780124255;-8.431623282657323;14.90023356727555;270.0
VEHICLE_UPDATES;103000000000;veh_12;41.55409954654544;-8.430126109806734;11.070812681701968;90.0
VEHICLE_UPDATES;103000000000;veh_17;41.554136641907945;-8.431797656057084;14.542277135585877;270.0
VEHICLE_UPDATES;104000000000;veh_12;41.55409889935748;-8.429995536764691;10.889453283127398;90.0
VEHICLE_UPDATES;104000000000;veh_17;41.554137513931984;-8.431974155981202;14.719622958966042;270.0
VEHICLE_UPDATES;105000000000;veh_12;41.554098239654124;-8.429862469464092;11.097468348301948;90.0
VEHICLE_UPDATES;106000000000;veh_12;41.554097634584146;-8.429740449443742;10.176154103118929;90.0
